Workbook
Name __ALL2: [1]CostPlan!#REF!
Name __MUP3: [1]Rates!$D$116
Name _1: #REF!
Name _10: #REF!
Name _11: #REF!
Name _12: #REF!
Name _13: #REF!
Name _14: #REF!
Name _15: #REF!
Name _16: #REF!
Name _17: #REF!
Name _18: #REF!
Name _19: #REF!
Name _20: #REF!
Name _21: #REF!
Name _22: #REF!
Name _7: #REF!
Name _8: #REF!
Name _9: #REF!
Name _ALL1: #REF!
Name _ALL2: #REF!
Name _ALL3: #REF!
Name _MUP3: [2]Rates!#REF!
Name ajay: '[3]Schedule of Rates'!#REF!
Name ALL: #REF!
Name ar: [4]Rates!$D$48
Name area: [2]Areas!$I$84
Name Areas: [2]Areas!#REF!
Name BASEX: [5]Database!$F$24
Name bat: '[3]Schedule of Rates'!#REF!
Name BULK_EARTHW: Costplan!#REF!
Name CAVFDNS: [6]Database!$F$43
Name CEILINGS: Costplan!$D$196
Name Cfwk: '[3]Schedule of Rates'!$C$25
Name CLEAR: [5]Database!$F$20
Name CTF: [5]Database!$F$22
Name CTS: [5]Database!$F$23
Name currency: '[3]Initial Data'!$G$20
Name DD: Costplan!$D$305
Name dfdf: '[7]Initial Data'!$G$28
Name dfe: '[7]Initial Data'!$G$26
Name dsflkj: [8]Areas!$K$149
Name e.10: '[9]Cost Plan'!#REF!
Name e.11: '[9]Cost Plan'!#REF!
Name e.12: '[3]Cost Plan'!#REF!
Name e.13: '[9]Cost Plan'!#REF!
Name e.14: '[3]Cost Plan'!$A$2331
Name e.15: '[9]Cost Plan'!#REF!
Name e.16: '[9]Cost Plan'!#REF!
Name e.17: '[9]Cost Plan'!#REF!
Name e.18: '[9]Cost Plan'!#REF!
Name e.19: '[3]Cost Plan'!#REF!
Name e.20: '[9]Cost Plan'!#REF!
Name e.21: '[3]Cost Plan'!#REF!
Name e.22: '[9]Cost Plan'!#REF!
Name e.23: '[9]Cost Plan'!#REF!
Name e.24: '[3]Cost Plan'!#REF!
Name e.3: '[9]Cost Plan'!$A$34
Name e.5: '[3]Cost Plan'!$A$47
Name e.6: '[3]Cost Plan'!$A$54

Sheet Summary
B1: 775 Pretoria Chapter - Bible House | L1: 775BH/ Sch 1 Rev 0
B2: Scheme 1 Revision 0 | L2: 45980
B3: Residential
G5: Elemental Quantity | H5: Unit | I5: Rate/m² Element | J5: Total | K5: Rate/m² Building Area | L5: Percentage
I6: R/m² | J6: R | K6: R/m² | L6: %
C8: Executive Summary
B10: 1 | C10: =Costplan!D10 -> Roofs | G10: =Costplan!H31 -> 246 | H10: =Costplan!I31 -> m² | I10: =Costplan!J31 -> 127.70325 | J10: =ROUND(Costplan!M31,-2) -> 31400 | K10: =Costplan!K31 -> 119.9 | L10: =J10/$J$27 -> 0.060864509
B12: 2 | C12: =Costplan!D33 -> External Walling | G12: =Costplan!H57 -> 1700 | H12: =Costplan!I57 -> m² | I12: =Costplan!J57 -> 60 | J12: =ROUND(Costplan!M57,-2) -> 102000 | K12: =Costplan!K57 -> 389.31 | L12: =J12/$J$27 -> 0.19771274
B14: 3 | C14: =Costplan!D59 -> Internal Divisions | G14: =Costplan!H119 -> 296 | H14: =Costplan!I119 -> m² | I14: =Costplan!J119 -> 114.94764 | J14: =ROUND(Costplan!M119,-2) -> 34000 | K14: =Costplan!K119 -> 129.86 | L14: =J14/$J$27 -> 0.065904245
V15: =0.6*(1+V17) -> 0.8
B16: 4 | C16: =Costplan!D121 -> Floor Finishes | G16: =Costplan!H168 -> 420 | H16: =Costplan!I168 -> m² | I16: =Costplan!J168 -> 257.43571 | J16: =ROUND(Costplan!M168,-2) -> 108100 | K16: =Costplan!K168 -> 412.68 | L16: =J16/$J$27 -> 0.20953673
V17: =(0.9-0.6)/0.9 -> 0.33333333
B18: 5 | C18: =Costplan!D170 -> Internal Wall Finishings | G18: =Costplan!H194 -> 468 | H18: =Costplan!I194 -> m² | I18: =Costplan!J194 -> 75 | J18: =ROUND(Costplan!M194,-2) -> 35100 | K18: =Costplan!K194 -> 267.94 | L18: =J18/$J$27 -> 0.068036441
B20: 6 | C20: =Costplan!D196 -> Ceilings | G20: =Costplan!H225 -> 171 | H20: =Costplan!I225 -> m² | I20: =Costplan!J225 -> 102.50292 | J20: =ROUND(Costplan!M225,-2) -> 17500 | K20: =Costplan!K225 -> 56.02 | L20: =J20/$J$27 -> 0.033921303
B22: 7 | C22: =Costplan!D229 -> Plumbing Installation | G22: =Costplan!H301 -> 262 | H22: =Costplan!I301 -> m² | I22: =Costplan!J301 -> 621.19084 | J22: =ROUND(Costplan!M301,-2) -> 162800 | K22: =Costplan!K301 -> 621.19 | L22: =J22/$J$27 -> 0.31556503
B24: 8 | C24: =Costplan!D305 -> Contingency | G24: =Costplan!H310 -> 0 | H24: =Costplan!I310 -> m² | I24: =Costplan!J310 -> 0 | J24: =ROUND(Costplan!M310,-3) -> 25000 | K24: =Costplan!K310 -> 99.85 | L24: =J24/$J$27 -> 0.048459004
C27: =Costplan!D314 -> COST PER m² OF CONSTRUCTION AREA | G27: =Costplan!H314 -> 262 | H27: m² | I27: =J27/G27 -> 1969.084 | J27: =SUM(J8:J26) -> 515900 | K27: =SUM(K10:K26) -> 2096.75 | L27: =SUM(L10:L24) -> 1
J855: 42

Sheet Costplan
C1: 775 Pretoria Chapter - Bible House | M1: 775BH/ Sch 1 Rev 0
C2: Scheme 1 Revision 0 | M2: 45980
C3: Residential | M3: 0
R4: CHECK FOR
H5: Quantity | I5: Unit | J5: Unit Rate | K5: Rate/m² Building Area | L5: Subtotal | M5: Total | O5: PACKAGE | P5: BWP | Q5: SELECTED | R5: SUBTOTALS
J6: R | K6: R/m² | L6: R | M6: R | R6: / TOTALS
D8: BUILDER'S WORK
C10: 1 | D10: Roofs
C12: =C10+0.01 -> 1.01 | D12: Apply waterproofing to slate roof covering | H12: =ROUND(H14,0) -> 246 | I12: m² | J12: 100 | K12: 93.89313 | M12: =ROUND(+H12*J12,-2) -> 24600 | O12: ROOFING | Q12: =M12 -> 24600
H14: =SUM(H16:H18) -> 246
D16: 1.2 | E16: =[2]Areas!I48 -> 137 | F16: 1 | G16: 1 | H16: =D16*E16*F16*G16 -> 164.4 | I16: main
D17: 1.2 | E17: =[2]Areas!I68 -> 68 | F17: 1 | G17: 1 | H17: =D17*E17*F17*G17 -> 81.6 | I17: hall
C19: =C12+0.01 -> 1.02 | D19: Provision for Rain Water goods | H19: =ROUND(H21,0) -> 117 | I19: m | J19: 50 | K19: 22.519084 | M19: =ROUND(+H19*J19,-2) -> 5900 | O19: ROOFING | Q19: =M19 -> 5900
H21: =SUM(H23:H26) -> 117.2
D23: 2 | E23: 3 | F23: 1 | G23: 1 | H23: =D23*E23*F23*G23 -> 6 | I23: downpipes
D24: 1 | E24: 52.29 | F24: 1 | G24: 1 | H24: =D24*E24*F24*G24 -> 52.29 | I24: gutter
D25: 1 | E25: 33.54 | F25: 1 | G25: 1 | H25: =D25*E25*F25*G25 -> 33.54 | I25: gutter
D26: 1 | E26: 25.37 | F26: 1 | G26: 1 | H26: =D26*E26*F26*G26 -> 25.37 | I26: gutter
C28: =C19+0.01 -> 1.03 | D28: Provision for contractors mark-up for profit and attendance on selected subcontractors work | H28: 0.03 | J28: =SUM(Q10:Q29) -> 30500 | K28: 3.4923664 | M28: =ROUND(+H28*J28,0) -> 915 | O28: MARK-UP | P28: =M28 -> 915
D31: =CONCATENATE("Subtotal ",D10) -> Subtotal Roofs | H31: =H12 -> 246 | I31: m² | J31: =M31/H31 -> 127.70325 | K31: 119.9 | M31: =SUM(M10:M30) -> 31415 | N31: =R31 -> 31415 | R31: =SUM(P10:P31)+SUM(Q10:Q31) -> 31415
C33: 2 | D33: External Walling
C35: =C33+0.01 -> 2.01 | D35: One coat plaster to external walls | H35: =ROUND(SUM(H37),0) -> 850 | I35: m² | J35: 80 | K35: 259.54198 | M35: =ROUND(+H35*J35,0) -> 68000 | O35: BWP | P35: =M35 -> 68000
D37: 6.2 | E37: m high | H37: =SUM(H39:H41) -> 849.636
D38: 3 | E38: m high
D40: 2 | E40: =E24 -> 52.29 | F40: =D37 -> 6.2 | G40: 1 | H40: =D40*E40*F40*G40 -> 648.396
D41: 2 | E41: =E25 -> 33.54 | F41: =D38 -> 3 | G41: 1 | H41: =D41*E41*F41*G41 -> 201.24
D42: 1 | E42: =E26 -> 25.37 | F42: =D38 -> 3 | G42: 1 | H42: =D42*E42*F42*G42 -> 76.11
C45: =C35+0.01 -> 2.02 | D45: Prime, undercoat and PVA to walls | H45: =ROUND(SUM(H47),0) -> 850 | I45: m² | J45: 40 | K45: 129.77099 | M45: =ROUND(+H45*J45,0) -> 34000 | O45: BWP | P45: =M45 -> 34000
H47: =SUM(H48:H51) -> 850
D49: 1 | E49: =H35 -> 850 | F49: 1 | G49: 1 | H49: =D49*E49*F49*G49 -> 850
C54: =C45+0.01 -> 2.03 | D54: Provision for contractors mark-up for profit and attendance on selected subcontractors work | H54: 0.03 | J54: =SUM(Q32:Q54) -> 0 | K54: 0 | M54: =ROUND(+H54*J54,0) -> 0 | O54: MARK-UP | P54: =M54 -> 0
D57: =CONCATENATE("Subtotal ",D33) -> Subtotal External Walling | H57: =H35+H45 -> 1700 | I57: m² | J57: =M57/H57 -> 60 | K57: 389.31 | M57: =SUM(M33:M56) -> 102000 | N57: =R57 -> 102000 | R57: =SUM(P32:P57)+SUM(Q32:Q57) -> 102000
C59: 3 | D59: Internal Divisions
C61: =C59+0.01 -> 3.01 | D61: Break 220mm Brick walls to create an opening | H61: =ROUND(H64,0) -> 62 | I61: m² | J61: =M61/H61 -> 223.25806 | K61: 52.832061 | M61: =ROUND(SUM(L61:L93),0) -> 13842
D63: 3 | E63: m high
H64: =SUM(H66:H70) -> 61.599
D66: 1 | E66: 6.02 | F66: =D63 -> 3 | G66: 1 | H66: =D66*E66*F66*G66 -> 18.06
D67: 1 | E67: 6.32 | F67: =D63 -> 3 | G67: 1 | H67: =D67*E67*F67*G67 -> 18.96
D68: 1 | E68: 3.88 | F68: =D63 -> 3 | G68: 1 | H68: =D68*E68*F68*G68 -> 11.64
D69: 1 | E69: 3.62 | F69: =D63 -> 3 | G69: 1 | H69: =D69*E69*F69*G69 -> 10.86
D70: 1 | E70: 0.9 | F70: 2.31 | G70: 1 | H70: =D70*E70*F70*G70 -> 2.079 | I70: Door
C72: =C61+0.001 -> 3.011 | D72: =D61 -> Break 220mm Brick walls to create an opening | H72: =ROUND(H74,0) -> 62 | I72: m² | J72: 186 | K72: 44.015267 | L72: =ROUND(+H72*J72,0) -> 11532 | O72: BWP | P72: =L72 -> 11532
H74: =SUM(H76:H79) -> 61.599
D76: 1 | E76: =H64 -> 61.599 | F76: 1 | G76: 1 | H76: =G76*F76*E76*D76 -> 61.599
D77: 1 | F77: 1 | G77: 1 | H77: =G77*F77*E77*D77 -> 0
D78: 1 | F78: 1 | G78: 1 | H78: =G78*F78*E78*D78 -> 0
C81: =C72+0.001 -> 3.012 | D81: Precast lintel | H81: =ROUND(H83,0) -> 42 | I81: m | J81: 55 | K81: 8.8167939 | L81: =ROUND(+H81*J81,0) -> 2310 | O81: BWP | P81: =L81 -> 2310
H83: =SUM(H85:H88) -> 42.08
D85: 1 | E85: =E66+0.3 -> 6.32 | F85: 1 | G85: 2 | H85: =D85*E85*F85*G85 -> 12.64
D86: 1 | E86: =E67+0.3 -> 6.62 | F86: 1 | G86: 2 | H86: =D86*E86*F86*G86 -> 13.24
D87: 1 | E87: =E68+0.3 -> 4.18 | F87: 1 | G87: 2 | H87: =D87*E87*F87*G87 -> 8.36
D88: 1 | E88: =E69+0.3 -> 3.92 | F88: 1 | G88: 2 | H88: =D88*E88*F88*G88 -> 7.84
F89: 1 | G89: 2 | H89: =D89*E89*F89*G89 -> 0
C91: =C81+0.001 -> 3.013 | D91: Sundries | H91: 0 | J91: =SUM(L61:L90) -> 13842 | K91: 0 | L91: =ROUND(+H91*J91,0) -> 0 | O91: BWP | P91: =L91 -> 0
C94: =C61+0.01 -> 3.02 | D94: Take down and remove wallpaper to walls | H94: =ROUND(H97,0) -> 228 | I94: m² | J94: =75*1.15 -> 86.25 | K94: 75.057252 | M94: =H94*J94 -> 19665
D96: 3 | E96: m high
H97: =SUM(H99:H103) -> 227.88
D99: 1 | E99: 75.96 | F99: =D96 -> 3 | G99: 1 | H99: =D99*E99*F99*G99 -> 227.88
E100: 1 | F100: 0 | G100: 1 | H100: =D100*E100*F100*G100 -> 0
E101: 1 | F101: 0 | G101: 1 | H101: =D101*E101*F101*G101 -> 0
E102: 1 | F102: 0 | G102: 1 | H102: =D102*E102*F102*G102 -> 0
E103: 1 | F103: 0 | G103: 1 | H103: =D103*E103*F103*G103 -> 0
C105: =C94+0.01 -> 3.03 | D105: Take down and remove wall tiles | H105: =ROUND(H108,0) -> 6 | I105: m² | J105: =J94 -> 86.25 | K105: 1.9751908 | M105: =H105*J105 -> 517.5
D107: 2.5 | E107: m high
D108: 0.6 | E108: m high | H108: =SUM(H110:H114) -> 6.27
D110: 1 | E110: 2.28 | F110: =D107 -> 2.5 | G110: 1 | H110: =D110*E110*F110*G110 -> 5.7
D111: 1 | E111: 0.95 | F111: =D108 -> 0.6 | G111: 1 | H111: =D111*E111*F111*G111 -> 0.57
E112: 1 | F112: 1 | G112: 1 | H112: =D112*E112*F112*G112 -> 0
E113: 1 | F113: 1 | G113: 1 | H113: =D113*E113*F113*G113 -> 0
E114: 1 | F114: 1 | G114: 1 | H114: =D114*E114*F114*G114 -> 0
C116: =C61+0.01 -> 3.02 | D116: Provision for contractors mark-up for profit and attendance on selected subcontractors work | H116: 0.03 | J116: =SUM(Q58:Q117) -> 0 | K116: 0 | M116: =ROUND(+H116*J116,0) -> 0 | O116: MARK-UP | P116: =M116 -> 0
D119: =CONCATENATE("Subtotal ",D59) -> Subtotal Internal Divisions | H119: =H61+H94+H105 -> 296 | I119: m² | J119: =M119/H119 -> 114.94764 | K119: 129.86 | M119: =SUM(M59:M118) -> 34024.5 | N119: =M119 -> 34024.5 | R119: =SUM(P58:P119)+SUM(Q58:Q119) -> 13842
C121: 4 | D121: Floor Finishes
C123: =C121+0.01 -> 4.01 | D123: Take up and remove wooden floor covering | H123: =ROUND(H125,0) -> 54 | I123: m² | J123: 110 | K123: 22.671756 | M123: =ROUND(+H123*J123,0) -> 5940 | O123: BWP | P123: =M123 -> 5940
H125: =SUM(H127:H130) -> 53.73
D127: 1 | E127: 53.73 | F127: 1 | G127: 1 | H127: =D127*E127*F127*G127 -> 53.73
D128: 1 | E128: =[2]Areas!G43 -> 0 | F128: 1 | G128: 1 | H128: =D128*E128*F128*G128 -> 0
D129: 1 | E129: 0 | F129: 1 | G129: 1 | H129: =D129*E129*F129*G129 -> 0
C131: =C123+0.01 -> 4.02 | D131: Take up and remove carpets | H131: =ROUND(H133,0) -> 63 | I131: m² | J131: =J123 -> 110 | K131: 26.450382 | M131: =ROUND(+H131*J131,0) -> 6930 | O131: BWP | P131: =M131 -> 6930
H133: =SUM(H135:H138) -> 63.197
D135: 1 | E135: 56.74 | F135: 1 | G135: 1 | H135: =D135*E135*F135*G135 -> 56.74 | I135: worshiphall
D136: 1.1 | E136: 5.87 | F136: 1 | G136: 1 | H136: =D136*E136*F136*G136 -> 6.457 | I136: stairs
D137: 1 | E137: 0 | F137: 1 | G137: 1 | H137: =D137*E137*F137*G137 -> 0
C139: =C131+0.01 -> 4.03 | D139: Breakdown and remove floor tiles | H139: =ROUND(H141,0) -> 32 | I139: m² | J139: =J123 -> 110 | K139: 13.435115 | M139: =ROUND(+H139*J139,0) -> 3520 | O139: BWP | P139: =M139 -> 3520
H141: =SUM(H143:H146) -> 32.34
D143: 1 | E143: 32.34 | F143: 1 | G143: 1 | H143: =D143*E143*F143*G143 -> 32.34
D144: 1 | E144: =[2]Areas!G51 -> 0 | F144: 1 | G144: 1 | H144: =D144*E144*F144*G144 -> 0
D145: 1 | E145: 0 | F145: 1 | G145: 1 | H145: =D145*E145*F145*G145 -> 0
C147: =C123+0.01 -> 4.02 | D147: Make good surfaces for new floor finish | H147: =ROUND(H149,0) -> 61 | I147: m² | J147: 50 | K147: 11.641221 | M147: =ROUND(+H147*J147,0) -> 3050 | O147: BWP | P147: =M147 -> 3050
H149: =SUM(H151:H154) -> 60.52
D151: 1 | E151: 60.52 | F151: 1 | G151: 1 | H151: =D151*E151*F151*G151 -> 60.52
D152: 1 | E152: =[2]Areas!G51 -> 0 | F152: 1 | G152: 1 | H152: =D152*E152*F152*G152 -> 0
D153: 1 | E153: 0 | F153: 1 | G153: 1 | H153: =D153*E153*F153*G153 -> 0
C155: =C147+0.01 -> 4.03 | D155: Allowance for ceramic floor tiles (PC = R 200/m²) | H155: =ROUND(H157,0) -> 210 | I155: m² | J155: =200+210 -> 410 | K155: 328.62595 | M155: =ROUND(+H155*J155,0) -> 86100 | O155: TILING | Q155: =M155 -> 86100
H157: =SUM(H159:H164) -> 209.787
D159: 1 | E159: =H125+H133+H141+H149 -> 209.787 | F159: 1 | G159: 1 | H159: =D159*E159*F159*G159 -> 209.787
D160: 1 | E160: 0 | F160: 1 | G160: 1 | H160: =D160*E160*F160*G160 -> 0
D161: 1 | E161: 0 | F161: 1 | G161: 1 | H161: =D161*E161*F161*G161 -> 0
D162: 1 | F162: 1 | G162: 1 | H162: =D162*E162*F162*G162 -> 0
D163: 1 | F163: 1 | G163: 1 | H163: =D163*E163*F163*G163 -> 0
...
